N.ordine;Larghezza (w);Altezza (h);PESO (p);due date;retinatura r;Spessore;Nome ordine;;
1;44;82;1;10;3.88889E-05;1.14;8bch grosmi;;
2;44;82;1;10;5.55556E-05;1.14;8bch grosmi;;
3;49;109;1;10;5.55556E-05;1.14;27wc river;;
4;49;109;1;10;6.94444E-05;1.14;27wc river;;
5;49;109;1;10;6.94444E-05;1.14;27wc river;;
6;45;93;1;10;5.55556E-05;1.14;10bch palombini;;
7;49;109;1;4;6.94444E-05;1.14;27wc delonghi;;
8;49;109;1;4;6.94444E-05;1.14;27wc delonghi;;
9;49;109;1;4;8.33333E-05;1.14;27wc delonghi;;
10;49;109;1;4;8.33333E-05;1.14;27wc delonghi;;
11;45;93;1;4;5.55556E-05;1.14;10bch delonghi;;
12;45;93;1;4;4.44444E-05;1.14;10bch delonghi;;
13;45;93;1;4;3.88889E-05;1.14;10bch delonghi;;
14;45;93;1;4;5.55556E-05;1.14;10bch delonghi;;
15;19;35;0.75;4;5.55556E-05;1.14;lasovrana;;
16;19;35;0.75;4;3.88889E-05;1.14;lasovrana;;
17;19;35;0.75;4;6.94444E-05;1.14;lasovrana;;
18;19;35;0.75;4;6.94444E-05;1.14;lasovrana;;
19;19;35;0.75;4;6.94444E-05;1.14;lasovrana;;
20;19;35;0.75;4;6.94444E-05;1.14;lasovrana;;
21;19;35;0.75;4;5.55556E-05;1.14;lasovrana;;
22;14;35;0.75;4;4.44444E-05;1.14;trabucco;;
23;14;35;0.75;4;4.44444E-05;1.14;trabucco;;
24;15;35;0.75;4;5.55556E-05;1.14;trabucco;;
25;15;35;0.75;4;8.33333E-05;1.14;trabucco;;
26;15;35;0.75;4;8.33333E-05;1.14;trabucco;;
27;12;35;0.75;4;8.33333E-05;1.14;le lune del vesuvio;;
28;12;35;0.75;4;5.55556E-05;1.14;le lune del vesuvio;;
29;12;32;0.75;4;5.55556E-05;1.14;le lune del vesuvio;;
30;12;32;0.75;4;4.44444E-05;1.14;le lune del vesuvio;;
31;12;32;0.75;4;3.88889E-05;1.14;le lune del vesuvio;;
32;12;32;0.75;4;5.55556E-05;1.14;le lune del vesuvio;;
33;12;32;0.75;4;5.55556E-05;1.14;le lune del vesuvio;;
34;14;32;0.75;4;4.44444E-05;1.14;le otto terre;;
35;14;32;0.75;4;4.44444E-05;1.14;le otto terre;;
36;14;32;0.75;4;8.33333E-05;1.14;le otto terre;;
37;14;35;0.75;4;8.33333E-05;1.14;le otto terre;;
38;14;35;0.75;4;8.33333E-05;1.14;le otto terre;;
39;14;35;0.75;4;8.33333E-05;1.14;le otto terre;;
40;14;35;0.75;4;8.33333E-05;1.14;le otto terre;;
41;12;35;0.75;4;8.33333E-05;1.14;le otto terre;;
42;12;35;0.75;4;8.33333E-05;1.14;le otto terre;;
43;12;35;0.75;4;8.33333E-05;1.14;le otto terre;;
44;12;35;0.75;4;8.33333E-05;1.14;le otto terre;;
45;12;35;0.75;4;8.33333E-05;1.14;forno le lune;;
46;12;35;0.75;4;6.94444E-05;1.14;forno le lune;;
47;11;32;0.75;4;6.94444E-05;1.14;urciuolo;;
48;11;32;0.75;4;8.33333E-05;1.14;urciuolo;;
49;11;32;0.75;4;8.33333E-05;1.14;urciuolo;;
50;11;32;0.75;4;6.94444E-05;1.14;urciuolo;;
51;11;32;0.75;4;8.33333E-05;1.14;urciuolo;;
52;13;35;0.75;4;5.55556E-05;1.14;marianosabatino;;
53;13;35;0.75;4;8.33333E-05;1.14;marianosabatino;;
54;13;35;0.75;4;8.33333E-05;1.14;marianosabatino;;
55;12;35;0.75;4;6.94444E-05;1.14;marianosabatino;;
56;12;35;0.75;4;4.44444E-05;1.14;marianosabatino;;
57;12;35;0.75;4;8.33333E-05;1.14;marianosabatino;;
58;15;28;0.75;22.66666667;8.33333E-05;2.84;madonna grande;;
59;13;24;0.75;22.66666667;8.33333E-05;2.84;madonna piccolo;;
60;13;36;0.75;22.66666667;8.33333E-05;2.84;tharros caffe;;
61;29;99;0.75;22.66666667;5.55556E-05;2.84;hungry people;;
62;27;21;0.75;22.66666667;5.55556E-05;2.84;newmartina;;
63;25;21;0.75;22.66666667;6.94444E-05;2.84;newmartina;;
64;27;31;0.75;22.66666667;8.33333E-05;2.84;cherry;;
65;9;31;0.75;22.66666667;8.33333E-05;2.84;farmacia colle;;
66;19;44;0.75;22.66666667;8.33333E-05;2.84;tiziana e giuliana;;
67;19;34;0.75;22.66666667;8.33333E-05;2.84;whatsapp instagram;;
68;37;106;0.75;22.66666667;5.55556E-05;2.84;pucceria pontina;;
69;23;106;0.75;22.66666667;5.55556E-05;2.84;pucceria pontina;;
70;23;106;0.75;22.66666667;5.55556E-05;2.84;pucceria pontina;;
71;23;106;0.75;22.66666667;8.33333E-05;2.84;pucceria pontina;;
72;24;119;0.75;22.66666667;8.33333E-05;2.84;mylifecafe;;
73;36;18;0.75;22.66666667;8.33333E-05;2.84;sanmartino;;
74;20;30;0.5;22.66666667;8.33333E-05;2.84;donAlberto;;
75;53;68;1;6;8.33333E-05;1.14;170ozKFC;;
76;53;68;1;6;5.55556E-05;1.14;170ozKFC;;
77;53;68;1;6;5.55556E-05;1.14;170ozKFC;;
78;53;68;1;6;8.33333E-05;1.14;170ozKFC;;
79;53;68;1;6;8.33333E-05;1.14;170ozKFC;;
80;45;65;1;6;4.44444E-05;1.14;130ozKFC;;
81;45;65;1;6;8.33333E-05;1.14;130ozKFC;;
82;45;65;1;6;8.33333E-05;1.14;130ozKFC;;
83;45;65;1;6;8.33333E-05;1.14;130ozKFC;;
84;45;65;1;6;8.33333E-05;1.14;130ozKFC;;
85;45;65;1;6;8.33333E-05;1.14;130ozKFC;;
86;51;99;1;6;8.33333E-05;1.14;66ozKFC;;
87;51;99;1;6;8.33333E-05;1.14;66ozKFC;;
88;51;99;1;6;8.33333E-05;1.14;66ozKFC;;
89;51;99;1;6;8.33333E-05;1.14;66ozKFC;;
90;51;99;1;6;8.33333E-05;1.14;66ozKFC;;
91;62;109;1;6;6.94444E-05;1.14;85ozKFC;;
92;62;109;1;6;8.33333E-05;1.14;85ozKFC;;
93;62;109;1;6;4.44444E-05;1.14;85ozKFC;;
94;62;109;1;6;8.33333E-05;1.14;85ozKFC;;
95;62;109;1;6;8.33333E-05;1.14;85ozKFC;;
96;62;109;1;6;3.88889E-05;1.14;85ozKFC;;
97;41;68;0.5;3;8.33333E-05;1.7;pasqualini;;
98;41;68;0.5;3;5.55556E-05;1.7;pasqualini;;
99;41;68;1;3;6.94444E-05;1.7;ricos 9oz;;
100;48;78;1;3;6.94444E-05;1.7;tostinicaffe;;
101;48;78;1;3;6.94444E-05;1.7;tostinicaffe;;
102;48;78;1;3;5.55556E-05;1.7;tostinicaffe;;
103;48;78;1;3;5.55556E-05;1.7;tostinicaffe;;
104;12;50;0.75;8;5.55556E-05;2.84;frontevisone;;
105;23;50;0.75;8;6.94444E-05;2.84;frontevisone;;
106;20;50;0.75;8;5.55556E-05;2.84;frontevisone;;
107;27;50;0.75;8;4.44444E-05;2.84;frontevisone;;
108;20;40;0.75;8;3.88889E-05;2.84;frontevisone;;
109;17;40;0.75;8;5.55556E-05;2.84;frontevisone;;
110;24;40;0.75;8;5.55556E-05;2.84;frontevisone;;
111;10;40;0.75;8;4.44444E-05;2.84;frontevisone;;
112;10;35;0.75;8;4.44444E-05;2.84;frontevisone;;
113;22;35;0.75;8;5.55556E-05;2.84;frontevisone;;
114;19;35;0.75;6;3.88889E-05;2.84;frontevisone;;
115;16;35;0.75;6;5.55556E-05;2.84;frontevisone;;
116;19;50;0.75;6;5.55556E-05;2.84;retrovisone;;
117;16;40;0.75;6;8.33333E-05;2.84;retrovisone;;
118;15;35;0.75;6;8.33333E-05;2.84;retrovisone;;
119;29;27;0.75;6;6.94444E-05;2.84;loschiavo;;
120;6;9;0.75;6;6.94444E-05;2.84;polloesfizi;;
121;10;16;0.75;6;5.55556E-05;2.84;macelleriademena;;
122;21;29;0.75;6;3.88889E-05;2.84;yamahashop;;
123;8;29;0.75;6;8.33333E-05;2.84;yamahashop;;
124;28;75;0.75;6;8.33333E-05;2.84;mulino d'oro;;
125;28;75;0.75;6;8.33333E-05;2.84;mulino d'oro;;
126;7;15;0.75;6;4.44444E-05;2.84;opera;;
127;30;19;0.75;6;8.33333E-05;2.84;lavalle;;
128;20;17;0.75;6;5.55556E-05;2.84;salumeria lagenuina;;
129;26;101;0.25;6;8.33333E-05;2.84;dolcezero;;
130;41;101;1;24;8.33333E-05;1.14 HD;1607g iceman aroma;;
131;41;101;1;24;3.88889E-05;1.14 HD;1607g iceman aroma;;
132;41;101;1;24;4.44444E-05;1.14 HD;1607g iceman aroma;;
133;41;101;1;24;4.44444E-05;1.14 HD;1607g iceman aroma;;
134;41;101;1;24;5.55556E-05;1.14 HD;1607g iceman aroma;;
135;25;101;1;24;5.55556E-05;1.14 HD;cocodimama;;
136;25;101;1;24;8.33333E-05;1.14 HD;cocodimama;;
137;45;101;1;24;8.33333E-05;1.14 HD;cocodimama;;
138;50;120;1;24;6.94444E-05;1.14;paul;;
139;50;120;1;24;6.94444E-05;1.14;paul;;
140;40;124;1;24;3.88889E-05;1.14;dyn;;
141;66;63;0.5;24;5.55556E-05;1.14;mozzarella;;
142;44;41;0.5;24;5.55556E-05;1.14;mozzarella;;
143;50;99;1;4;6.94444E-05;1.14 HD;it1200lomi;;
144;50;99;1;4;6.94444E-05;1.14 HD;it1200lomi;;
145;50;99;1;4;6.94444E-05;1.14 HD;it1200lomi;;
146;50;99;1;4;3.88889E-05;1.14 HD;it1200lomi;;
147;50;99;1;4;3.88889E-05;1.14 HD;it1200lomi;;
148;50;99;1;4;8.33333E-05;1.14 HD;it1200lomi;;
149;49;109;1;7;8.33333E-05;1.14;delonghi;;
150;49;109;1;7;6.94444E-05;1.14;delonghi;;
151;50;110;1;7;6.94444E-05;1.14;it1200generic;;
152;50;110;1;7;5.55556E-05;1.14;it1200generic;;
153;68;34;0.5;20;3.88889E-05;2.84;pesciolinibli;;
154;68;34;0.5;20;6.94444E-05;2.84;fiorescozzese;;
155;68;34;0.5;20;8.33333E-05;2.84;fiorescozzese;;
156;68;34;0.5;20;6.94444E-05;2.84;fiorescozzese;;
157;13;56;0.75;20;8.33333E-05;2.84;codici;;
158;17;42;0.75;20;6.94444E-05;2.84;ittica;;
159;17;42;0.75;20;5.55556E-05;2.84;ittica;;
160;23;43;0.75;20;5.55556E-05;2.84;ittica;;
161;19;56;0.75;20;4.44444E-05;2.84;alpesciolino;;
162;44;29;0.75;20;5.55556E-05;2.84;barbato;;
163;30;52;0.75;20;5.55556E-05;2.84;ciacco;;
164;29;52;0.75;20;6.94444E-05;2.84;ciacco;;
165;38;83;0.75;20;6.94444E-05;2.84;deluca;;
166;13;36;0.75;20;5.55556E-05;2.84;enzogelateria;;
167;26;43;0.75;22;4.44444E-05;2.84;enzogelateria;;
168;15;43;0.75;22;4.44444E-05;2.84;enzogelateria;;
169;32;50;0.75;22;6.94444E-05;2.84;enzogelateria;;
170;31;26;0.75;22;6.94444E-05;2.84;leder;;
171;38;26;0.75;22;6.94444E-05;2.84;leder;;
172;34;29;0.75;22;5.55556E-05;2.84;leder;;
173;42;29;0.75;22;5.55556E-05;2.84;leder;;
174;25;47;0.75;22;5.55556E-05;2.84;lokalshopp;;
175;12;79;0.75;22;5.55556E-05;2.84;mythos;;
176;37;110;0.75;22;5.55556E-05;2.84;mythos;;
177;18;79;0.75;22;5.55556E-05;2.84;mythos;;
178;26;63;0.5;22;5.55556E-05;2.84;savinocoffee;;
179;10;26;0.5;22;5.55556E-05;2.84;chezsamisacch;;
180;30;99;1;22;5.55556E-05;2.84;lufra;;
181;30;99;1;22;3.88889E-05;2.84;lufra;;
182;50;79;1;9;8.33333E-05;1.14;pz0150014 kfc;;
183;50;79;1;9;8.33333E-05;1.14;pz0150014 kfc;;
184;45;93;1;9;8.33333E-05;1.14;10bch delonghi;;
185;54;119;1;9;8.33333E-05;1.14;bi0080034;;
186;49;109;1;9;8.33333E-05;1.14;bit670886 27wc delonghi;;
187;50;110;1;9;8.33333E-05;1.14;c81690005 it1200 kfcro;;
188;50;110;1;9;8.33333E-05;1.14;c81690005 it1200 kfcro;;
189;44;49;1;9;8.33333E-05;1.14;8bch barà;;
190;44;49;1;9;6.94444E-05;1.14;8bch barà;;
191;47;55;1;9;8.33333E-05;1.14;7ozh nescafe;;
192;47;55;1;9;5.55556E-05;1.14;7ozh nescafe;;
193;23;23;0.75;6;5.55556E-05;2.84;artedeisalumi;;
194;12;15;0.75;6;5.55556E-05;2.84;bavaro;;
195;12;15;0.75;6;8.33333E-05;2.84;bavaro;;
196;22;46;0.75;6;8.33333E-05;2.84;ulss6euganta;;
197;26;26;0.75;6;5.55556E-05;2.84;bellavita;;
198;18;36;0.75;6;5.55556E-05;2.84;bellavitagrande;;
199;15;52;0.75;6;5.55556E-05;2.84;amatocaffe;;
200;14;15;0.75;6;5.55556E-05;2.84;montibar;;
201;7;15;0.75;6;6.94444E-05;2.84;montibar;;
202;10;42;0.75;6;6.94444E-05;2.84;pio;;
203;16;56;0.75;6;6.94444E-05;2.84;sweetcafe;;
204;24;52;0.75;6;3.88889E-05;2.84;polloepatate;;
205;24;52;0.75;6;4.44444E-05;2.84;polloepatate;;
206;28;38;0.75;6;4.44444E-05;2.84;parafarmacia;;
207;22;30;0.75;6;3.88889E-05;2.84;parafarmacia;;
208;17;24;0.75;6;3.88889E-05;2.84;parafarmacia;;
209;23;81;0.75;6;4.44444E-05;2.84;generoso;;
210;23;81;0.75;6;4.44444E-05;2.84;generoso;;
211;22;81;0.75;6;4.44444E-05;2.84;generoso;;
212;22;81;0.75;6;5.55556E-05;2.84;generoso;;
213;23;102;0.75;6;8.33333E-05;2.84;meatvittorio;;
214;23;102;0.75;6;8.33333E-05;2.84;meatvittorio;;
215;20;48;0.75;6;6.94444E-05;2.84;al mare;;
216;17;20;0.75;6;6.94444E-05;2.84;antignani pomigliano d'arco;;
217;32;38;0.75;6;8.33333E-05;2.84;corigliano molino;;
218;32;38;0.75;6;8.33333E-05;2.84;corigliano molino;;
219;27;33;0.75;6;8.33333E-05;2.84;corigliano molino;;
220;27;33;0.75;6;5.55556E-05;2.84;corigliano molino;;
221;30;25;0.75;6;5.55556E-05;2.84;corigliano molino;;
222;30;25;0.75;6;8.33333E-05;2.84;corigliano molino;;
223;30;25;0.75;6;8.33333E-05;2.84;corigliano molino;;
224;36;30;0.75;6;8.33333E-05;2.84;corigliano molino;;
225;36;30;0.75;6;8.33333E-05;2.84;corigliano molino;;
226;36;30;0.75;6;5.55556E-05;2.84;corigliano molino;;
227;46;29;0.5;6;3.88889E-05;2.84;da patrizia fratello;;
228;26;65;0.5;6;3.88889E-05;2.84;da patrizia fratello;;
229;14;19;0.5;6;3.88889E-05;2.84;dal brigante;;
230;32;68;0.5;6;6.94444E-05;2.84;gran pasticceria caff gel;;
231;32;68;0.5;6;8.33333E-05;2.84;gran pasticceria caff gel;;
232;12;16;0.5;6;5.55556E-05;2.84;officine del gusto;;
233;53;69;0.5;6;5.55556E-05;2.84;sanitar baby;;
234;36;52;0.5;6;5.55556E-05;2.84;sanitar baby;;
235;5;16;0.5;6;3.88889E-05;2.84;spera timbri;;
236;15;21;0.5;6;5.55556E-05;2.84;spera timbri;;
237;16;23;0.25;6;3.88889E-05;2.84;stratta torino sacch;;
238;34;63;0.25;6;4.44444E-05;2.84;tasca pizza;;
239;34;63;0.25;6;4.44444E-05;2.84;tasca pizza;;
240;15;20;0.25;5;4.44444E-05;2.84;tazza d'oro andria;;
241;32;16;0.25;5;4.44444E-05;2.84;timbri;;
242;32;23;0.25;5;4.44444E-05;2.84;agg timbri;;
243;30;33;0.75;5;5.55556E-05;2.84;cocaboutique;;
244;62;24;0.75;5;5.55556E-05;2.84;pizzeria la divina;;
245;63;24;0.75;5;5.55556E-05;2.84;pizzeria la divina;;
246;18;12;0.75;5;5.55556E-05;2.84;ricciulillo;;
247;34;26;0.75;5;5.55556E-05;2.84;violet;;
248;19;35;0.75;8;5.55556E-05;1.14;lasovrana;;
249;13;35;0.75;8;5.55556E-05;1.14;poggio delle baccanti gragnano;;
250;13;35;0.75;8;6.94444E-05;1.14;poggio delle baccanti gragnano;;
251;13;35;0.75;8;6.94444E-05;1.14;poggio delle baccanti gragnano;;
252;13;35;0.75;8;5.55556E-05;1.14;poggio delle baccanti gragnano;;
253;16;35;0.75;8;4.44444E-05;1.14;poggio delle baccanti aglianico;;
254;16;35;0.75;8;4.44444E-05;1.14;poggio delle baccanti aglianico;;
255;16;35;0.75;8;4.44444E-05;1.14;poggio delle baccanti aglianico;;
256;16;35;0.75;8;4.44444E-05;1.14;poggio delle baccanti aglianico;;
257;11;32;0.75;8;4.44444E-05;1.14;poggio delle baccanti lacryma bianca;;
258;11;32;0.75;8;3.88889E-05;1.14;poggio delle baccanti gragnano retro;;
259;11;32;0.75;8;8.33333E-05;1.14;p.d.b. lacrya rosso;;
260;17;35;0.75;8;6.94444E-05;1.14;taormina olio evo;;
261;15;35;0.75;8;8.33333E-05;1.14;simo taormina fronte;;
262;15;35;0.75;8;6.94444E-05;1.14;simo taormina retro;;
263;12;35;0.75;8;6.94444E-05;1.14;de falco liquori;;
264;12;35;0.75;8;6.94444E-05;1.14;de falco liquori;;
265;12;35;0.75;8;6.94444E-05;1.14;de falco conc;;
266;47;94;1;26;5.55556E-05;1.14;7ozh bonka;;
267;47;94;1;26;8.33333E-05;1.14;7ozh bonka;;
268;47;94;1;26;6.94444E-05;1.14;7ozh bonka;;
269;47;94;1;26;6.94444E-05;1.14;7ozh bonka;;
270;47;94;1;26;3.88889E-05;1.14;7ozh bonka;;
271;47;94;1;26;8.33333E-05;1.14;7ozh bonka;;
272;47;94;1;26;6.94444E-05;1.14;7ozh bonka;;
273;49;108;1;26;6.94444E-05;1.14;27wc bonka;;
274;49;108;1;26;3.88889E-05;1.14;27wc bonka;;
275;49;108;1;26;8.33333E-05;1.14;27wc bonka;;
276;49;108;1;26;8.33333E-05;1.14;27wc bonka;;
277;49;108;1;26;6.94444E-05;1.14;27wc bonka;;
278;49;108;1;26;3.88889E-05;1.14;27wc bonka;;
279;49;108;1;26;3.88889E-05;1.14;27wc bonka;;
280;40;123;1;26;4.44444E-05;1.14;70zh nescafe;;
281;40;123;1;26;4.44444E-05;1.14;70zh nescafe;;
282;40;123;1;26;4.44444E-05;1.14;70zh nescafe;;
283;40;123;1;26;4.44444E-05;1.14;70zh nescafe;;
284;40;123;1;26;6.94444E-05;1.14;70zh nescafe;;
285;49;108;1;26;8.33333E-05;1.14;bi1020025 27 wc nescafe;;
286;49;108;1;26;8.33333E-05;1.14;bi1020025 27 wc nescafe;;
287;49;108;1;26;8.33333E-05;1.14;bi1020025 27 wc nescafe;;
288;49;108;1;26;3.88889E-05;1.14;bi1020025 27 wc nescafe;;
289;49;108;1;26;8.33333E-05;1.14;bi1020025 27 wc nescafe;;
290;49;108;1;26;5.55556E-05;1.14;bi1020025 27 wc nescafe;;
291;54;118;1;24;4.44444E-05;1.14;bi0080034 milkshake it 38w;;
292;54;118;1;24;4.44444E-05;1.14;bi0080034 milkshake it 38w;;
293;45;92;1;24;4.44444E-05;1.14;10bch pura;;
294;45;92;1;24;8.33333E-05;1.14;10bch pura;;
295;45;92;1;24;8.33333E-05;1.14;10bch pura;;
296;45;92;1;24;8.33333E-05;1.14;10bch pura;;
297;49;108;1;24;8.33333E-05;1.14;bit670911 27wc taddia;;
298;45;92;1;24;6.94444E-05;1.14;10bch takeway;;
299;45;92;1;24;5.55556E-05;1.14;10bch takeway;;
300;50;109;1;24;5.55556E-05;1.14;co1710012 horeca natura it1200;;
301;50;109;1;24;8.33333E-05;1.14;co1710012 horeca natura it1200;;
302;20;40;0.75;5;8.33333E-05;1.14 HD;saservice;;
303;20;40;0.75;5;8.33333E-05;1.14 HD;saservice;;
304;20;40;0.75;5;8.33333E-05;1.14 HD;saservice;;
305;20;40;0.75;5;4.44444E-05;1.14 HD;saservice;;
306;20;40;0.75;5;5.55556E-05;1.14 HD;saservice;;
307;54;33;0.75;5;6.94444E-05;1.14 HD;saservice;;
308;54;33;0.75;5;8.33333E-05;1.14 HD;saservice;;
309;13;35;0.75;5;8.33333E-05;1.14 HD;saservice;;
310;13;35;0.75;5;8.33333E-05;1.14 HD;saservice;;
311;13;35;0.75;5;8.33333E-05;1.14 HD;saservice;;
312;13;35;0.75;5;6.94444E-05;1.14 HD;saservice;;
313;13;35;0.75;5;3.88889E-05;1.14 HD;saservice;;
314;13;40;0.75;5;8.33333E-05;1.14 HD;vecchio poggio rosso;;
315;13;40;0.75;5;8.33333E-05;1.14 HD;vecchio poggio rosso;;
316;17;35;0.75;5;5.55556E-05;1.14 HD;vecchio poggio bianco;;
317;17;35;0.75;5;5.55556E-05;1.14 HD;vecchio poggio bianco;;
318;17;35;0.75;5;5.55556E-05;1.14 HD;vecchio poggio bianco;;
319;17;35;0.75;5;8.33333E-05;1.14 HD;vecchio poggio bianco;;
320;17;35;0.75;5;8.33333E-05;1.14 HD;vecchio poggio bianco;;
321;30;84;0.5;26;6.94444E-05;1.14;louise;;
322;30;84;0.5;26;6.94444E-05;1.14;louise;;
323;30;84;0.5;26;3.88889E-05;1.14;louise;;
324;29;84;0.5;26;4.44444E-05;1.14;louise;;
325;29;84;0.5;26;6.94444E-05;1.14;louise;;
326;29;84;0.5;26;6.94444E-05;1.14;louise;;
327;29;84;0.5;26;8.33333E-05;1.14;louise;;
328;25;84;0.5;26;8.33333E-05;1.14;louise;;
329;32;84;0.5;26;3.88889E-05;1.14;louise;;
330;42;112;1;24;4.44444E-05;1.14;calippo stretto;;
331;42;112;1;24;5.55556E-05;1.14;calippo stretto;;
332;42;112;1;24;4.44444E-05;1.14;calippo stretto;;
333;42;112;1;24;4.44444E-05;1.14;calippo stretto;;
334;43;105;1;24;5.55556E-05;1.14;35wc mcflavi;;
335;41;87;1;24;6.94444E-05;1.14;bitb41295 10bp varesina;;
336;41;87;1;24;6.94444E-05;1.14;bitb41295 10bp varesina;;
337;41;87;1;24;5.55556E-05;1.14;bitb41295 10bp varesina;;
338;41;87;1;24;5.55556E-05;1.14;bitb41295 10bp varesina;;
339;49;109;1;24;5.55556E-05;1.14;bit670912 27wc varesina;;
340;49;109;1;24;5.55556E-05;1.14;bit670912 27wc varesina;;
341;49;109;1;24;5.55556E-05;1.14;bit670912 27wc varesina;;
342;49;109;1;24;5.55556E-05;1.14;bit670912 27wc varesina;;
343;49;109;1;24;5.55556E-05;1.14;27wc losa;;
344;49;109;1;24;5.55556E-05;1.14;27wc losa;;
345;49;109;1;24;4.44444E-05;1.14;27wc losa;;
346;12;35;0.75;24;4.44444E-05;1.14;poggio delle baccanti;;
347;12;35;0.75;24;3.88889E-05;1.14;poggio delle baccanti;;
348;12;35;0.75;24;3.88889E-05;1.14;poggio delle baccanti;;
349;12;35;0.75;24;3.88889E-05;1.14;poggio delle baccanti;;
350;12;35;0.75;24;3.88889E-05;1.14;poggio delle baccanti;;
351;12;35;0.75;24;3.88889E-05;1.14;poggio delle baccanti;;
352;14;32;0.75;24;3.88889E-05;1.14;mario caputo;;
353;14;32;0.75;24;3.88889E-05;1.14;mario caputo;;
354;14;32;0.75;24;3.88889E-05;1.14;mario caputo;;
355;14;32;0.75;24;3.88889E-05;1.14;mario caputo;;
356;14;32;0.75;24;3.88889E-05;1.14;mario caputo;;
357;14;32;0.75;24;5.55556E-05;1.14;mario caputo;;
358;14;32;0.75;24;4.44444E-05;1.14;mario caputo;;
359;14;32;0.75;24;4.44444E-05;1.14;mario caputo;;
360;14;32;0.75;24;4.44444E-05;1.14;mario caputo;;
361;14;32;0.75;24;4.44444E-05;1.14;mario caputo;;
362;14;32;0.75;24;3.88889E-05;1.14;mario caputo;;
363;12;32;0.75;24;3.88889E-05;1.14;luna rossa;;
364;16;32;0.75;24;3.88889E-05;1.14;casam;;
365;16;32;0.75;24;3.88889E-05;1.14;casam;;
366;16;32;0.75;24;3.88889E-05;1.14;casam;;
367;13;32;0.75;24;3.88889E-05;1.14;jappelli;;
368;34;68;0.75;24;3.88889E-05;1.14;tovagliolo scozz blu;;
369;34;68;0.75;24;3.88889E-05;1.14;tovagliolo scozz blu;;
370;17;13;0.75;6;3.88889E-05;2.84;mrbread;;
371;17;13;0.75;6;6.94444E-05;2.84;mrbread;;
372;17;13;0.75;6;6.94444E-05;2.84;mrbread;;
373;17;13;0.75;6;8.33333E-05;2.84;mrbread;;
374;17;13;0.75;6;6.94444E-05;2.84;mrbread;;
375;17;13;0.75;6;8.33333E-05;2.84;mrbread;;
376;10;13;0.75;6;8.33333E-05;2.84;mrbread;;
377;10;13;0.75;6;6.94444E-05;2.84;mrbread;;
378;10;13;0.75;6;6.94444E-05;2.84;mrbread;;
379;10;13;0.75;6;5.55556E-05;2.84;mrbread;;
380;10;13;0.75;6;5.55556E-05;2.84;mrbread;;
381;10;13;0.75;6;3.88889E-05;2.84;mrbread;;
382;28;26;0.75;6;3.88889E-05;2.84;artisti salumieri;;
383;28;26;0.75;6;4.44444E-05;2.84;artisti salumieri;;
384;17;19;0.75;6;8.33333E-05;2.84;farmacia mandanici;;
385;17;19;0.75;6;8.33333E-05;2.84;farmacia mandanici;;
386;26;34;0.75;6;6.94444E-05;2.84;vamsko;;
387;20;18;0.75;6;5.55556E-05;2.84;viale;;
388;21;18;0.75;6;5.55556E-05;2.84;galleria del gusto;;
389;13;18;0.75;6;5.55556E-05;2.84;galleria del gusto;;
390;17;15;0.75;6;3.88889E-05;2.84;galleria del gusto;;
391;11;15;0.75;6;3.88889E-05;2.84;galleria del gusto;;
392;20;100;0.75;6;8.33333E-05;2.84;galleria del gusto;;
393;20;100;0.75;6;8.33333E-05;2.84;galleria del gusto;;
394;22;100;0.75;6;6.94444E-05;2.84;galleria del gusto;;
395;22;100;0.75;6;8.33333E-05;2.84;galleria del gusto;;
396;28;53;0.75;6;6.94444E-05;2.84;carta e cart.;;
397;28;53;0.75;6;6.94444E-05;2.84;carta e cart.;;
398;28;53;0.75;6;5.55556E-05;2.84;carta e cart.;;
399;33;30;0.75;6;5.55556E-05;2.84;estetica essential;;
400;17;15;0.75;6;4.44444E-05;2.84;caffè dell'amore;;
401;24;20;0.75;6;4.44444E-05;2.84;il max del gelato;;
402;24;20;0.75;6;4.44444E-05;2.84;il max del gelato;;
403;28;20;0.75;6;4.44444E-05;2.84;il max del gelato;;
404;28;20;0.75;6;4.44444E-05;2.84;il max del gelato;;
405;14;32;0.75;24;4.44444E-05;1.14;la sovrana;;
406;14;32;0.75;24;4.44444E-05;1.14;la sovrana;;
407;14;32;0.75;24;5.55556E-05;1.14;la sovrana;;
408;14;32;0.75;24;5.55556E-05;1.14;la sovrana;;
409;14;32;0.75;24;5.55556E-05;1.14;la sovrana;;
410;14;32;0.75;24;4.44444E-05;1.14;la sovrana;;
411;19;32;0.75;24;4.44444E-05;1.14;la sovrana;;
412;19;32;0.75;24;4.44444E-05;1.14;la sovrana;;
413;19;32;0.75;24;4.44444E-05;1.14;la sovrana;;
414;19;32;0.75;24;5.55556E-05;1.14;la sovrana;;
415;19;32;0.75;24;5.55556E-05;1.14;la sovrana;;
416;14;35;0.75;24;5.55556E-05;1.14;sarno;;
417;14;32;0.5;24;5.55556E-05;1.14;fiore;;
418;14;32;0.5;24;5.55556E-05;1.14;fiore;;
419;14;32;0.5;24;5.55556E-05;1.14;fiore;;
420;13;32;0.5;24;4.44444E-05;1.14;iovine;;
421;13;32;0.5;24;4.44444E-05;1.14;iovine;;
422;43;108;1;48;3.88889E-05;1.14;bi1020006937w cocacola;;
423;43;108;1;48;3.88889E-05;1.14;bi1020006937w cocacola;;
424;41;87;1;48;4.44444E-05;1.14;bitb41235 10bp nescafe;;
425;41;87;1;48;4.44444E-05;1.14;bitb41235 10bp nescafe;;
426;41;87;1;48;3.88889E-05;1.14;bitb41235 10bp nescafe;;
427;41;87;1;48;3.88889E-05;1.14;bitb41235 10bp nescafe;;
428;47;95;1;48;8.33333E-05;1.14;bith60109 7ozh nescafe;;
429;47;95;1;48;8.33333E-05;1.14;bith60109 7ozh nescafe;;
430;47;95;1;48;6.94444E-05;1.14;bith60109 7ozh nescafe;;
431;47;95;1;48;6.94444E-05;1.14;bith60109 7ozh nescafe;;
432;49;109;1;48;8.33333E-05;1.14;bi1020029 27wc nascafe;;
433;49;109;1;48;8.33333E-05;1.14;bi1020029 27wc nascafe;;
434;49;109;1;48;8.33333E-05;1.14;bi1020029 27wc nascafe;;
435;49;109;1;48;8.33333E-05;1.14;bi1020029 27wc nascafe;;
436;45;120;1;48;3.88889E-05;1.14;bitlbtl10161 12oz nescafe;;
437;45;120;1;48;8.33333E-05;1.14;bitlbtl10161 12oz nescafe;;
438;45;120;1;48;8.33333E-05;1.14;bitlbtl10161 12oz nescafe;;
439;45;120;1;48;8.33333E-05;1.14;bitlbtl10161 12oz nescafe;;
440;16;26;0.75;8;8.33333E-05;2.84;sanpietro;;
441;24;26;0.75;8;6.94444E-05;2.84;sanpietro;;
442;24;26;0.75;8;6.94444E-05;2.84;sanpietro;;
443;24;26;0.75;8;8.33333E-05;2.84;sanpietro;;
444;6;26;0.75;8;8.33333E-05;2.84;sanpietro;;
445;36;26;0.75;8;6.94444E-05;2.84;sanpietro;;
446;17;28;0.75;8;6.94444E-05;2.84;liberfrutta;;
447;17;28;0.75;8;8.33333E-05;2.84;liberfrutta;;
448;17;28;0.75;8;8.33333E-05;2.84;liberfrutta;;
449;17;28;0.75;8;8.33333E-05;2.84;liberfrutta;;
450;12;28;0.75;8;8.33333E-05;2.84;liberfrutta;;
451;12;28;0.75;8;8.33333E-05;2.84;liberfrutta;;
452;12;28;0.75;8;8.33333E-05;2.84;liberfrutta;;
453;12;28;0.75;8;3.88889E-05;2.84;liberfrutta;;
454;12;28;0.75;8;4.44444E-05;2.84;liberfrutta;;
455;12;28;0.75;8;4.44444E-05;2.84;liberfrutta;;
456;12;28;0.75;8;4.44444E-05;2.84;liberfrutta;;
457;12;28;0.75;8;4.44444E-05;2.84;liberfrutta;;
458;23;102;0.75;8;4.44444E-05;2.84;fioreria elite;;
459;12;31;0.5;8;5.55556E-05;2.84;estasy;;
460;12;31;0.5;8;5.55556E-05;2.84;estasy;;
461;13;31;0.5;8;5.55556E-05;2.84;estasy;;
462;13;31;0.5;8;4.44444E-05;2.84;estasy;;
463;8;19;0.5;8;4.44444E-05;2.84;estasy;;
464;8;19;0.5;8;4.44444E-05;2.84;estasy;;
465;8;19;0.5;8;4.44444E-05;2.84;estasy;;
466;8;19;0.5;8;4.44444E-05;2.84;estasy;;
467;15;19;0.5;8;4.44444E-05;2.84;estasy;;
468;15;19;0.5;8;4.44444E-05;2.84;estasy;;
469;15;19;0.5;8;4.44444E-05;2.84;estasy;;
470;15;19;0.5;8;4.44444E-05;2.84;estasy;;
471;9;20;0.75;8;4.44444E-05;2.84;pizzicorio salerno;;
472;6;20;0.75;8;5.55556E-05;2.84;pizzicorio salerno;;
473;29;79;0.75;8;8.33333E-05;2.84;pizzicorio salerno;;
474;23;85;0.25;8;8.33333E-05;2.84;eurospin;;
475;22;85;0.25;8;8.33333E-05;2.84;eurospin;;
476;15;85;0.25;8;6.94444E-05;2.84;eurospin;;
477;9;13;0.25;9;8.33333E-05;2.84;eurospin;;
478;12;37;0.25;9;8.33333E-05;2.84;ean;;
479;12;37;0.25;9;8.33333E-05;2.84;ean;;
480;25;73;0.75;9;8.33333E-05;2.84;macelleria carne fresca;;
481;22;73;0.75;9;3.88889E-05;2.84;macelleria carne fresca;;
482;10;16;0.75;9;8.33333E-05;2.84;polleria marella;;
483;6;16;0.75;9;8.33333E-05;2.84;polleria marella;;
484;9;16;0.75;9;8.33333E-05;2.84;indirizza daleonessa;;
485;12;18;0.75;9;8.33333E-05;2.84;indirizza daleonessa;;
486;23;68;0.75;9;8.33333E-05;2.84;piccolo;;
487;7;8;0.75;9;8.33333E-05;2.84;dominga;;
488;11;8;0.75;9;8.33333E-05;2.84;dominga;;
489;28;45;0.75;9;8.33333E-05;2.84;cremeria opera lucca;;
490;18;45;0.75;9;8.33333E-05;2.84;cremeria opera lucca;;
491;38;63;0.75;9;8.33333E-05;2.84;cremeria opera lucca;;
492;23;63;0.75;9;8.33333E-05;2.84;cremeria opera lucca;;
493;25;47;0.75;9;8.33333E-05;2.84;15 zero 4;;
494;37;103;0.75;8;8.33333E-05;2.84;hanzo sushi;;
495;12;78;0.75;8;8.33333E-05;2.84;hanzo sushi;;
496;52;95;0.75;8;5.55556E-05;2.84;hanzo sushi;;
497;11;83;0.75;8;5.55556E-05;2.84;hanzo sushi;;
498;33;102;0.75;8;5.55556E-05;2.84;keramos;;
499;17;57;0.75;8;5.55556E-05;2.84;la zeppola di santa cecilia;;
500;8;57;0.75;8;8.33333E-05;2.84;la zeppola di santa cecilia;;
501;8;57;0.75;8;8.33333E-05;2.84;la zeppola di santa cecilia;;
502;31;68;0.75;8;8.33333E-05;2.84;pizz stampa;;
503;49;104;1;24;8.33333E-05;1.14 HD;dw0440037;;
504;49;104;1;24;5.55556E-05;1.14 HD;dw0440037;;
505;49;104;1;24;8.33333E-05;1.14 HD;dw0440037;;
506;50;107;1;24;8.33333E-05;1.14 HD;it1200 co1690006 metro;;
507;50;107;1;24;8.33333E-05;1.14 HD;it1200 co1690006 metro;;
508;50;107;1;24;8.33333E-05;1.14 HD;it1200 co1690006 metro;;
509;47;106;1;24;8.33333E-05;1.14 HD;it1200 co1690006 metro;;
510;47;106;1;24;8.33333E-05;1.14 HD;it1200 co1690006 metro;;
511;47;106;1;24;8.33333E-05;1.14 HD;it1200 co1690006 metro;;
512;50;106;1;24;8.33333E-05;1.14 HD;it1200 interspar;;
513;50;106;1;24;8.33333E-05;1.14 HD;it1200 interspar;;
514;50;106;1;24;5.55556E-05;1.14 HD;it1200 interspar;;
515;50;106;1;24;5.55556E-05;1.14 HD;it1200 interspar;;
516;50;106;1;24;5.55556E-05;1.14 HD;it1200 interspar;;
517;50;106;1;24;5.55556E-05;1.14 HD;it1200 interspar;;
518;13;40;0.75;7;5.55556E-05;1.14;fra i monti;;
519;13;40;0.75;7;5.55556E-05;1.14;fra i monti;;
520;13;40;0.75;7;5.55556E-05;1.14;fra i monti;;
521;19;35;0.75;7;5.55556E-05;1.14;save service;;
522;19;35;0.75;7;3.88889E-05;1.14;save service;;
523;19;35;0.75;7;3.88889E-05;1.14;save service;;
524;19;35;0.75;7;4.44444E-05;1.14;save service;;
525;19;35;0.75;7;4.44444E-05;1.14;save service;;
526;19;35;0.75;7;4.44444E-05;1.14;save service;;
527;15;35;0.75;7;5.55556E-05;1.14;trabucco fronte;;
528;15;35;0.75;7;5.55556E-05;1.14;trabucco fronte;;
529;14;35;0.75;7;5.55556E-05;1.14;trabucco retro;;
530;14;35;0.75;7;5.55556E-05;1.14;trabucco retro;;
531;14;35;0.75;7;5.55556E-05;1.14;la mura;;
532;14;35;0.75;7;5.55556E-05;1.14;la mura;;
533;14;35;0.75;7;5.55556E-05;1.14;la mura;;
534;14;40;0.75;7;5.55556E-05;1.14;doa studio birra;;
535;14;40;0.75;7;5.55556E-05;1.14;doa studio birra;;
536;14;40;0.75;7;5.55556E-05;1.14;doa studio birra;;
537;15;32;0.75;7;5.55556E-05;1.14;cantine guagliulo fronte;;
538;15;32;0.75;7;5.55556E-05;1.14;cantine guagliulo fronte;;
539;12;35;0.75;7;5.55556E-05;1.14;cantine guagliulo retro;;
540;12;35;0.75;7;5.55556E-05;1.14;cantine guagliulo retro;;
541;14;32;0.75;7;5.55556E-05;1.14;terra nera;;
542;9;40;0.75;7;6.94444E-05;1.14;monte somma;;
543;9;40;0.75;7;6.94444E-05;1.14;monte somma;;
544;14;35;0.75;7;5.55556E-05;1.14;poggio delle baccanti;;
545;12;33;0.75;7;5.55556E-05;1.14;sorrentino dore fronte;;
546;12;33;0.75;7;5.55556E-05;1.14;sorrentino dore fronte;;
547;12;35;0.75;7;5.55556E-05;1.14;sorrentino dore retro;;
548;12;35;0.75;7;5.55556E-05;1.14;sorrentino dore retro;;
549;56;124;1;5;6.94444E-05;1.14;bi0040007 64 dyn olanda;;
550;62;109;1;5;6.94444E-05;1.14;85oz kfc sp;;
551;49;104;1;5;6.94444E-05;1.14;b1220007 mcflarry;;
552;49;104;1;5;6.94444E-05;1.14;b1220007 mcflarry;;
553;49;104;1;5;6.94444E-05;1.14;b1220007 mcflarry;;
554;49;104;1;5;6.94444E-05;1.14;b1220007 mcflarry;;
555;44;86;1;5;6.94444E-05;1.14;dw1330034 4zpura;;
556;44;86;1;5;6.94444E-05;1.14;dw1330034 4zpura;;
557;44;86;1;5;6.94444E-05;1.14;dw1330034 4zpura;;
558;44;86;1;5;6.94444E-05;1.14;dw1330034 4zpura;;
559;44;86;1;5;5.55556E-05;1.14;dw1330034 4zpura;;
560;44;86;1;5;5.55556E-05;1.14;dw1330034 4zpura;;
561;40;112;1;4;3.88889E-05;1.14;dw1330027 8zpura;;
562;40;112;1;4;3.88889E-05;1.14;dw1330027 8zpura;;
563;40;112;1;4;3.88889E-05;1.14;dw1330027 8zpura;;
564;40;112;1;4;4.44444E-05;1.14;dw1330027 8zpura;;
565;40;112;1;4;4.44444E-05;1.14;dw1330027 8zpura;;
566;40;112;1;4;4.44444E-05;1.14;dw1330027 8zpura;;
567;41;87;1;4;4.44444E-05;1.14;bit41243 10bp dalla corte;;
568;41;87;1;4;4.44444E-05;1.14;bit41243 10bp dalla corte;;
569;44;87;1;4;4.44444E-05;1.14;bi0930005 8bch venchi;;
570;44;87;1;4;4.44444E-05;1.14;bi0930005 8bch venchi;;
571;44;87;1;4;4.44444E-05;1.14;bi0930005 8bch venchi;;
572;44;87;1;4;5.55556E-05;1.14;bi0930005 8bch venchi;;
573;40;112;1;4;5.55556E-05;1.14;dw01500058020 venchi;;
574;40;112;1;4;5.55556E-05;1.14;dw01500058020 venchi;;
575;40;112;1;4;5.55556E-05;1.14;dw01500058020 venchi;;
576;40;112;1;4;5.55556E-05;1.14;dw01500058020 venchi;;
577;48;123;1;4;6.94444E-05;1.14;dw110003 12oz venchi;;
578;48;123;1;4;6.94444E-05;1.14;dw110003 12oz venchi;;
579;48;123;1;4;6.94444E-05;1.14;dw110003 12oz venchi;;
580;48;123;1;4;6.94444E-05;1.14;dw110003 12oz venchi;;
581;43;103;1;4;6.94444E-05;1.14;bi1120004 22bcr venchi;;
582;43;103;1;4;5.55556E-05;1.14;bi1120004 22bcr venchi;;
583;43;103;1;4;5.55556E-05;1.14;bi1120004 22bcr venchi;;
584;43;103;1;4;5.55556E-05;1.14;bi1120004 22bcr venchi;;
585;48;109;1;4;6.94444E-05;1.14;bit670908 22wc costa doro;;
586;62;109;1;3;6.94444E-05;1.14;pz0180027 85 kfc elcubo ;;
587;62;109;1;3;6.94444E-05;1.14;pz0180027 85 kfc elcubo ;;
588;62;109;1;3;5.55556E-05;1.14;pz0180027 85 kfc elcubo ;;
589;62;109;1;3;5.55556E-05;1.14;pz0180027 85 kfc elcubo ;;
590;62;109;1;3;5.55556E-05;1.14;pz0180027 85 kfc elcubo ;;
591;62;109;1;3;5.55556E-05;1.14;pz0180027 85 kfc elcubo ;;
592;50;80;0.75;34;5.55556E-05;1.14;pizza snack forno damiano;;
593;50;80;0.75;34;5.55556E-05;1.14;pizza snack forno damiano;;
594;54;119;1;34;5.55556E-05;1.14;38w mcdwatercom;;
595;54;119;1;34;5.55556E-05;1.14;38w mcdwatercom;;
596;54;119;1;34;5.55556E-05;1.14;38w mcdwatercom;;
597;54;119;1;34;6.94444E-05;1.14;38w mcdwatercom;;
598;54;119;1;34;8.33333E-05;1.14;38w mcdwatercom;;
599;49;124;1;34;8.33333E-05;1.14;50w mcdwatercom;;
600;49;124;1;34;6.94444E-05;1.14;50w mcdwatercom;;
601;49;124;1;34;6.94444E-05;1.14;50w mcdwatercom;;
602;49;124;1;34;6.94444E-05;1.14;50w mcdwatercom;;
603;49;124;1;34;6.94444E-05;1.14;50w mcdwatercom;;
604;49;124;1;34;6.94444E-05;1.14;50w mcdwatercom;;
605;40;124;1;34;5.55556E-05;1.14;22oz mcdwatercom;;
606;40;124;1;34;5.55556E-05;1.14;22oz mcdwatercom;;
607;40;124;1;34;5.55556E-05;1.14;22oz mcdwatercom;;
608;40;124;1;34;5.55556E-05;1.14;22oz mcdwatercom;;
609;40;124;1;34;5.55556E-05;1.14;22oz mcdwatercom;;
610;49;109;1;34;5.55556E-05;1.14;b1020012 nescafe;;
611;49;109;1;34;5.55556E-05;1.14;b1020012 nescafe;;
612;49;109;1;34;5.55556E-05;1.14;b1020012 nescafe;;
613;49;109;1;34;6.94444E-05;1.14;b1020012 nescafe;;
614;49;109;1;34;6.94444E-05;1.14;b1020012 nescafe;;
615;42;83;1;34;8.33333E-05;1.14;bi1740001 11bc parmacotto;;
616;42;83;1;34;6.94444E-05;1.14;bi1740001 11bc parmacotto;;
617;45;84;1;34;3.88889E-05;1.14;4oz taddia;;
618;9;8;0.75;7;3.88889E-05;2.84;per alimenti;;
619;14;13;0.75;7;5.55556E-05;2.84;telefono;;
620;18;15;0.75;7;3.88889E-05;2.84;bob;;
621;26;33;0.75;7;5.55556E-05;2.84;8byooy;;
622;15;21;0.75;7;5.55556E-05;2.84;sistema ambiente multimateriale;;
623;15;21;0.75;7;5.55556E-05;2.84;sistema ambiente multimateriale;;
624;15;21;0.75;7;3.88889E-05;2.84;sistema ambiente multimateriale;;
625;15;21;0.75;7;5.55556E-05;2.84;sistema ambiente multimateriale;;
626;23;68;0.75;7;6.94444E-05;2.84;art piccolo;;
627;17;13;0.75;7;6.94444E-05;2.84;donna sophia;;
628;17;13;0.75;7;8.33333E-05;2.84;donna sophia;;
629;17;13;0.75;7;6.94444E-05;2.84;donna sophia;;
630;17;13;0.75;7;6.94444E-05;2.84;donna sophia;;
631;34;50;0.75;7;5.55556E-05;2.84;valsoia;;
632;28;74;0.75;7;5.55556E-05;2.84;al tortellino;;
633;24;28;0.75;7;5.55556E-05;2.84;goby;;
634;24;28;0.75;7;5.55556E-05;2.84;goby;;
635;20;28;0.75;7;6.94444E-05;2.84;viale;;
636;23;21;0.75;7;6.94444E-05;2.84;pasticceria nancy;;
637;23;21;0.75;7;6.94444E-05;2.84;pasticceria nancy;;
638;23;21;0.75;7;6.94444E-05;2.84;pasticceria nancy;;
639;23;21;0.75;7;6.94444E-05;2.84;pasticceria nancy;;
640;13;34;0.75;7;6.94444E-05;2.84;iannaccone;;
641;13;34;0.75;7;6.94444E-05;2.84;iannaccone;;
642;27;34;0.75;7;8.33333E-05;2.84;iannaccone;;
643;27;34;0.75;7;6.94444E-05;2.84;iannaccone;;
644;25;29;0.5;7;5.55556E-05;1.7;fatigati;;
645;48;108.9;1;7;5.55556E-05;1.7;8oz taddia;;
646;48;108.9;1;7;3.88889E-05;1.7;8oz taddia;;
647;48;108.9;1;7;3.88889E-05;1.7;8oz taddia;;
648;42;78;1;7;4.44444E-05;1.7;gasparini;;
649;42;78;1;7;4.44444E-05;1.7;gasparini;;
650;50;75;0.75;6;4.44444E-05;2.84;agrimurra;;
651;22;101;0.75;6;4.44444E-05;2.84;caldarelli;;
652;22;101;0.75;6;4.44444E-05;2.84;caldarelli;;
653;63;29;0.75;6;4.44444E-05;2.84;ichetti;;
654;25;99;0.75;6;4.44444E-05;2.84;le bufaline;;
655;8;48;0.75;6;4.44444E-05;2.84;le bufaline;;
656;10;53;0.75;6;5.55556E-05;2.84;le bufaline;;
657;10;53;0.75;6;4.44444E-05;2.84;le bufaline;;
658;23;45;0.75;6;4.44444E-05;2.84;maison dreux;;
659;28;59;0.75;6;6.94444E-05;2.84;ottica moderna;;
660;31;28;0.75;6;6.94444E-05;2.84;pinzino;;
661;27;105;0.75;6;6.94444E-05;2.84;tassone;;
662;27;105;0.75;6;6.94444E-05;2.84;tassone;;
663;26;53;0.75;6;5.55556E-05;2.84;tempio azienda agricola;;
664;28;52;0.5;6;5.55556E-05;2.84;terra grease;;
665;10;52;0.5;6;5.55556E-05;2.84;terra grease;;
666;37;107;0.5;6;5.55556E-05;2.84;treville;;
667;49;124;1;8;5.55556E-05;1.14;b10220024 50w cocacola belgio;;
668;49;124;1;8;5.55556E-05;1.14;b10220024 50w cocacola belgio;;
669;49;124;1;8;6.94444E-05;1.14;b10220024 50w cocacola belgio;;
670;48;123;1;8;6.94444E-05;1.14;dw1030058 12oz lavazza expo;;
671;48;123;1;8;5.55556E-05;1.14;dw1030058 12oz lavazza expo;;
672;48;123;1;8;5.55556E-05;1.14;dw1030058 12oz lavazza expo;;
673;48;123;1;8;5.55556E-05;1.14;dw1030058 12oz lavazza expo;;
674;48;123;1;8;4.44444E-05;1.14;dw1030058 12oz lavazza expo;;
675;48;123;1;8;5.55556E-05;1.14;dw1030058 12oz lavazza expo;;
676;48;123;1;8;4.44444E-05;1.14;dw1030058 12oz lavazza expo;;
677;48;123;1;8;4.44444E-05;1.14;dw1030058 12oz lavazza expo;;
678;41;87;1;8;5.55556E-05;1.14;bitb41194 10bp edenbar;;
679;41;87;1;8;5.55556E-05;1.14;bitb41194 10bp edenbar;;
680;47;95;1;8;5.55556E-05;1.14;bith60108 70oz buondi;;
681;47;95;1;8;4.44444E-05;1.14;bith60108 70oz buondi;;
682;47;95;1;8;5.55556E-05;1.14;bith60108 70oz buondi;;
683;47;95;1;8;4.44444E-05;1.14;bith60108 70oz buondi;;
684;49;109;1;8;4.44444E-05;1.14;b10200028 27wc buondi;;
685;49;109;1;8;4.44444E-05;1.14;b10200028 27wc buondi;;
686;49;109;1;8;4.44444E-05;1.14;b10200028 27wc buondi;;
687;49;109;1;8;4.44444E-05;1.14;b10200028 27wc buondi;;
688;41;87;1;8;4.44444E-05;1.14;bitb40668 4oz amici;;
689;41;87;1;8;4.44444E-05;1.14;bitb40668 4oz amici;;
690;49;124;1;9;4.44444E-05;1.14;bit220294 50w friend and drgs;;
691;49;124;1;9;4.44444E-05;1.14;bit220294 50w friend and drgs;;
692;49;124;1;9;6.94444E-05;1.14;bit220294 50w friend and drgs;;
693;44;89;1;9;6.94444E-05;1.14;bit840249 8bch serapide;;
694;14;33;0.75;9;6.94444E-05;1.14;abd;;
695;14;33;0.75;9;6.94444E-05;1.14;abd;;
696;14;33;0.75;9;5.55556E-05;1.14;masseria torricella;;
697;14;33;0.75;9;5.55556E-05;1.14;masseria torricella;;
698;14;33;0.75;9;5.55556E-05;1.14;masseria torricella;;
699;14;33;0.75;9;5.55556E-05;1.14;masseria torricella;;
700;14;33;0.75;9;5.55556E-05;1.14;masseria torricella;;
701;14;33;0.75;9;5.55556E-05;1.14;masseria torricella;;
702;14;33;0.75;9;5.55556E-05;1.14;masseria torricella;;
703;14;35;0.75;9;5.55556E-05;1.14;ciro lungo fronte;;
704;14;35;0.75;9;5.55556E-05;1.14;ciro lungo fronte;;
705;14;35;0.75;9;6.94444E-05;1.14;ciro lungo fronte;;
706;14;35;0.75;9;6.94444E-05;1.14;ciro lungo fronte;;
707;14;35;0.75;9;6.94444E-05;1.14;ciro lungo fronte;;
708;14;35;0.75;9;5.55556E-05;1.14;ciro lungo fronte;;
709;16;35;0.75;9;5.55556E-05;1.14;ciro lungo retro;;
710;16;35;0.75;9;5.55556E-05;1.14;ciro lungo retro;;
711;16;35;0.75;9;5.55556E-05;1.14;ciro lungo retro;;
712;16;35;0.75;9;5.55556E-05;1.14;ciro lungo retro;;
713;16;35;0.75;9;5.55556E-05;1.14;ciro lungo retro;;
714;14;35;0.75;9;5.55556E-05;1.14;ciro lungo;;
715;14;35;0.75;9;5.55556E-05;1.14;ciro lungo;;
716;11;35;0.75;9;5.55556E-05;1.14;tortora franco;;
717;9;33;0.75;9;5.55556E-05;1.14;vineria del convento;;
718;19;29;0.25;24;5.55556E-05;1.14;codici 01;;
719;19;29;0.25;24;5.55556E-05;1.14;codici 01;;
720;19;29;0.25;24;5.55556E-05;1.14;codici 01;;
721;19;29;0.25;24;4.44444E-05;1.14;codici 01;;
722;19;29;0.25;24;4.44444E-05;1.14;codici 01;;
723;19;29;0.25;24;4.44444E-05;1.14;codici 01;;
724;19;29;0.25;24;5.55556E-05;1.14;codici 01;;
725;25;32;0.25;24;5.55556E-05;1.14;codici 02;;
726;25;32;0.25;24;5.55556E-05;1.14;codici 02;;
727;25;32;0.25;24;5.55556E-05;1.14;codici 02;;
728;25;32;0.25;24;5.55556E-05;1.14;codici 02;;
729;25;32;0.25;24;6.94444E-05;1.14;codici 02;;
730;29;37;0.25;24;8.33333E-05;1.14;codici 03;;
731;28;35;0.25;24;8.33333E-05;1.14;codici 04;;
732;16;31;0.75;5;6.94444E-05;2.84;ronantonio fronte;;
733;16;31;0.75;5;5.55556E-05;2.84;ronantonio fronte;;
734;16;31;0.75;5;5.55556E-05;2.84;ronantonio fronte;;
735;16;31;0.75;5;5.55556E-05;2.84;ronantonio fronte;;
736;12;31;0.75;5;5.55556E-05;2.84;ronantonio fronte;;
737;27;19;0.75;5;6.94444E-05;2.84;pascale;;
738;27;19;0.75;5;5.55556E-05;2.84;pascale;;
739;33;57;0.75;5;5.55556E-05;2.84;ortofrutta retro;;
740;33;57;0.75;5;5.55556E-05;2.84;ortofrutta retro;;
741;25;36;0.75;5;5.55556E-05;2.84;de rosa;;
742;25;36;0.75;5;6.94444E-05;2.84;de rosa;;
743;25;36;0.75;5;6.94444E-05;2.84;de rosa;;
744;25;36;0.75;5;6.94444E-05;2.84;de rosa;;
745;22;23;0.75;5;5.55556E-05;2.84;casari doc;;
746;22;23;0.75;5;3.88889E-05;2.84;casari doc;;
747;27;23;0.75;5;3.88889E-05;2.84;casari doc;;
748;27;23;0.75;5;4.44444E-05;2.84;casari doc;;
749;27;23;0.75;5;4.44444E-05;2.84;casari doc;;
750;27;23;0.75;5;5.55556E-05;2.84;casari doc;;
751;16;20;0.75;5;6.94444E-05;2.84;barbarossa sacc;;
752;14;12;0.75;5;5.55556E-05;2.84;barbarossa carta;;
753;14;12;0.75;5;5.55556E-05;2.84;barbarossa carta;;
754;14;12;0.75;5;6.94444E-05;2.84;barbarossa carta;;
755;11;12;0.75;5;5.55556E-05;2.84;barbarossa carta;;
756;11;12;0.75;5;5.55556E-05;2.84;barbarossa carta;;
757;11;12;0.75;5;4.44444E-05;2.84;barbarossa carta;;
758;24;27;0.75;5;6.94444E-05;2.84;imballaggi plas;;
759;31;27;0.75;5;3.88889E-05;2.84;fa.ma;;
760;31;27;0.75;5;3.88889E-05;2.84;fa.ma;;
761;19;20;0.25;4;6.94444E-05;2.84;sveva shop;;
762;30;32;0.25;4;5.55556E-05;2.84;sveva shop;;
763;30;32;0.25;4;6.94444E-05;2.84;sveva shop;;
764;31;32;0.25;4;5.55556E-05;2.84;sveva shop;;
765;31;32;0.25;4;6.94444E-05;2.84;sveva shop;;
766;49;106;1;23;5.55556E-05;1.14;bitc10362 25bp caronte ligabue;;
767;49;106;1;23;6.94444E-05;1.14;bitc10362 25bp caronte ligabue;;
768;49;106;1;23;6.94444E-05;1.14;bitc10362 25bp caronte ligabue;;
769;49;106;1;23;6.94444E-05;1.14;bitc10362 25bp caronte ligabue;;
770;49;106;1;23;6.94444E-05;1.14;bitc10362 25bp caronte ligabue;;
771;41;87;1;23;5.55556E-05;1.14;bitb41199 10bp tirrenia ligabue;;
772;41;87;1;23;6.94444E-05;1.14;bitb41199 10bp tirrenia ligabue;;
773;41;87;1;23;6.94444E-05;1.14;bitb41199 10bp tirrenia ligabue;;
774;41;87;1;23;3.88889E-05;1.14;bitb41199 10bp tirrenia ligabue;;
775;49;109;1;23;6.94444E-05;1.14;bit660993 27wc torreman;;
776;49;109;1;23;5.55556E-05;1.14;bit660993 27wc torreman;;
777;43;108;1;23;5.55556E-05;1.14;bit011048 37wnr fiesta del vino ;;
778;40;124;1;23;5.55556E-05;1.14;bi1760001 carte dor 70w ;;
779;40;124;1;23;5.55556E-05;1.14;bi1760001 carte dor 70w ;;
780;56;124;1;23;5.55556E-05;1.14;bi170006fj 64w lipton;;
781;56;124;1;23;5.55556E-05;1.14;bi170006fj 64w lipton;;
782;56;124;1;23;6.94444E-05;1.14;bi170006fj 64w lipton;;
783;56;124;1;23;6.94444E-05;1.14;bi170006fj 64w lipton;;
784;56;124;1;23;6.94444E-05;1.14;bi170006fj 64w lipton;;
785;56;124;1;23;6.94444E-05;1.14;bi170006fj 64w lipton;;
786;56;124;1;23;6.94444E-05;1.14;bi170006fj 64w lipton;;
787;56;124;1;23;6.94444E-05;1.14;bi170006fj 64w lipton;;
788;40;112;1;23;8.33333E-05;1.14;dw0650175 8oz 1886 bonomi;;
789;40;112;1;23;6.94444E-05;1.14;dw0650175 8oz 1886 bonomi;;
790;15;35;0.75;7;5.55556E-05;1.14;mass. Coste di Cuma olio evo fronte;;
791;15;35;0.75;7;5.55556E-05;1.14;mass. Coste di Cuma olio evo fronte;;
792;15;35;0.75;7;5.55556E-05;1.14;mass. Coste di Cuma olio evo fronte;;
793;15;35;0.75;7;3.88889E-05;1.14;mass. Coste di Cuma olio evo fronte;;
794;14;35;0.75;7;3.88889E-05;1.14;mass. Coste di Cuma olio evo retro;;
795;14;35;0.75;7;6.94444E-05;1.14;mass. Coste di Cuma olio evo retro;;
796;14;35;0.75;7;5.55556E-05;1.14;mass. Coste di Cuma olio evo retro;;
797;14;35;0.75;7;4.44444E-05;1.14;mass. Coste di Cuma olio evo retro;;
798;15;32;0.75;7;5.55556E-05;1.14;don peppe fronte;;
799;15;32;0.75;7;6.94444E-05;1.14;don peppe fronte;;
800;15;32;0.75;7;5.55556E-05;1.14;don peppe fronte;;
801;15;32;0.75;7;5.55556E-05;1.14;don peppe fronte;;
802;15;32;0.75;7;5.55556E-05;1.14;don peppe fronte;;
803;14;35;0.75;7;5.55556E-05;1.14;primitivo retro;;
804;14;35;0.75;7;3.88889E-05;1.14;don peppe rosso retro;;
805;14;35;0.75;7;3.88889E-05;1.14;donnanna bianco retro;;
806;15;32;0.75;7;3.88889E-05;1.14;donnanna bianco fronte;;
807;15;32;0.75;7;4.44444E-05;1.14;donnanna bianco fronte;;
808;15;32;0.75;7;4.44444E-05;1.14;donnanna bianco fronte;;
809;14;33;0.75;7;4.44444E-05;1.14;colli di castel franci pendino rosie;;
810;14;33;0.75;7;4.44444E-05;1.14;colli di castel franci pendino rosie;;
811;14;33;0.75;7;5.55556E-05;1.14;altavalle;;
812;14;33;0.75;7;4.44444E-05;1.14;vadantico;;
813;14;33;0.75;7;4.44444E-05;1.14;gines;;
814;14;33;0.75;7;4.44444E-05;1.14;valicelli;;
815;14;33;0.75;7;4.44444E-05;1.14;grotte;;
816;13;35;0.75;7;4.44444E-05;1.14;esposito cantine misenensis falanghina;;
817;13;35;0.75;7;5.55556E-05;1.14;esposito cantine misenensis falanghina;;
818;13;35;0.75;7;5.55556E-05;1.14;punzo aglianico;;
819;14;15;0.75;5;5.55556E-05;2.84;posta time;;
820;34;60;0.75;5;5.55556E-05;2.84;ortofrutta;;
821;34;60;0.75;5;6.94444E-05;2.84;ortofrutta;;
822;18;63;0.75;5;6.94444E-05;2.84;a tutto sconto;;
823;18;63;0.75;5;5.55556E-05;2.84;a tutto sconto;;
824;27;63;0.75;5;5.55556E-05;2.84;a tutto sconto;;
825;27;63;0.75;5;5.55556E-05;2.84;a tutto sconto;;
826;13;63;0.5;5;5.55556E-05;2.84;ita supermercato;;
827;13;63;0.5;5;4.44444E-05;2.84;ita supermercato;;
828;22;63;0.5;5;4.44444E-05;2.84;ita supermercato;;
829;47;63;0.5;5;4.44444E-05;2.84;ita supermercato;;
830;47;63;0.5;5;4.44444E-05;2.84;ita supermercato;;
831;50;10;0.75;6;5.55556E-05;2.84;larizas;;
832;20;25;0.75;6;4.44444E-05;2.84;larizas;;
833;14;13;0.75;6;4.44444E-05;2.84;signore dei panini;;
834;14;13;0.75;6;5.55556E-05;2.84;signore dei panini;;
835;14;13;0.75;6;4.44444E-05;2.84;signore dei panini;;
836;14;13;0.75;6;5.55556E-05;2.84;signore dei panini;;
837;14;13;0.75;6;5.55556E-05;2.84;signore dei panini;;
838;25;8;0.75;6;5.55556E-05;2.84;grazie per averci scelto;;
839;16;28;0.75;6;5.55556E-05;2.84;indirizzi via leopardi;;
840;31;46;0.75;6;4.44444E-05;2.84;sara moda shoes;;
841;96;69;0.75;8;5.55556E-05;1.14;urban bags;;
842;12;35;0.75;8;4.44444E-05;1.14;tenuta capuano primo falanghina;;
843;12;35;0.75;8;5.55556E-05;1.14;tenuta capuano alos falanghina retro;;
844;14;35;0.75;8;4.44444E-05;1.14;tenuta capuano alos falanghina fronte;;
845;14;35;0.75;8;4.44444E-05;1.14;tenuta capuano alos falanghina fronte;;
846;14;35;0.75;8;4.44444E-05;1.14;tenuta capuano alos falanghina fronte;;
847;14;35;0.75;8;4.44444E-05;1.14;tenuta capuano alos falanghina fronte;;
848;13;32;0.75;8;5.55556E-05;1.14;villa regina muggi aglianico retro;;
849;13;32;0.75;8;5.55556E-05;1.14;villa reg falanghina retro;;
850;15;35;0.75;8;5.55556E-05;1.14;villa regina don gaspare rosso;;
851;15;35;0.75;8;5.55556E-05;1.14;villa regina don gaspare rosso;;
852;15;35;0.75;8;5.55556E-05;1.14;villa regina don gaspare rosso;;
853;15;35;0.75;8;5.55556E-05;1.14;villa regina don gaspare rosso;;
854;15;35;0.75;8;6.94444E-05;1.14;villa regina don gaspare rosso;;
855;15;35;0.75;8;6.94444E-05;1.14;villa regina don gaspare bianco;;
856;11;35;0.75;8;3.88889E-05;1.14;calise bianco retro;;
857;45;104;0.75;8;3.88889E-05;1.14;piaceri da mordere;;
858;45;104;0.75;8;5.55556E-05;1.14;piaceri da mordere;;
859;25;104;0.75;8;5.55556E-05;1.14;piaceri da mordere;;
860;56;124;1;72;5.55556E-05;1.14;b0760005fj 64w lipton ;;
861;56;124;1;72;5.55556E-05;1.14;b0760005fj 64w lipton ;;
862;56;124;1;72;4.44444E-05;1.14;b0760005fj 64w lipton ;;
863;56;124;1;72;5.55556E-05;1.14;b0760005fj 64w lipton ;;
864;56;124;1;72;5.55556E-05;1.14;b0760005fj 64w lipton ;;
865;56;124;1;72;5.55556E-05;1.14;b0760005fj 64w lipton ;;
866;56;124;1;72;5.55556E-05;1.14;b0760005fj 64w lipton ;;
867;56;124;1;72;3.88889E-05;1.14;b0760005fj 64w lipton ;;
868;56;124;1;72;3.88889E-05;1.14;b0760005fj 64w lipton ;;
869;56;124;1;72;5.55556E-05;1.14;b0760005fj 64w lipton ;;
870;25;24;0.75;7;5.55556E-05;2.84;plancia;;
871;60;32;0.75;7;4.44444E-05;2.84;plancia;;
872;60;32;0.75;7;4.44444E-05;2.84;plancia;;
873;37;61;0.75;7;4.44444E-05;2.84;macchietti raccolta differenziata;;
874;29;21;0.75;7;4.44444E-05;2.84;norrito panificio;;
875;29;15;0.75;7;5.55556E-05;2.84;norrito panificio;;
876;29;12;0.75;7;5.55556E-05;2.84;norrito panificio;;
877;16;41;0.75;7;4.44444E-05;2.84;open light caffe;;
878;14;16;0.75;7;4.44444E-05;2.84;riva baieri;;
879;18;20;0.75;7;4.44444E-05;2.84;riva baieri;;
880;110;37;0.75;7;4.44444E-05;2.84;vanilla bottega gelato;;
881;101;37;0.75;7;5.55556E-05;2.84;vanilla bottega gelato;;
882;11;106;0.75;7;6.94444E-05;2.84;vanilla bottega gelato;;
883;14;13;0.75;6;6.94444E-05;2.84;vip coiffeur;;
884;14;13;0.75;6;6.94444E-05;2.84;vip coiffeur;;
885;14;13;0.75;6;5.55556E-05;2.84;vip coiffeur;;
886;14;13;0.75;6;4.44444E-05;2.84;vip coiffeur;;
887;14;13;0.75;6;4.44444E-05;2.84;pub lo sfizio;;
888;31;19;0.75;6;4.44444E-05;2.84;caputo sacco;;
889;24;55;0.75;6;4.44444E-05;2.84;mozzapp fronte;;
890;26;55;0.75;6;5.55556E-05;2.84;mozzapp fronte;;
891;26;55;0.75;6;6.94444E-05;2.84;mozzapp retro;;
892;34;31;0.75;4;6.94444E-05;2.54;zodiaco;;
893;34;31;0.75;4;6.94444E-05;2.54;zodiaco;;
894;77;48;0.75;4;6.94444E-05;2.54;impalpabile;;
895;77;48;0.75;4;6.94444E-05;2.54;impalpabile;;
896;48;96;0.75;4;8.33333E-05;2.54;dimagraf;;
897;48;96;0.75;4;6.94444E-05;2.54;dimagraf;;
898;48;96;0.75;4;8.33333E-05;2.54;dimagraf;;
899;16;17;0.75;6;8.33333E-05;2.84;panificio f.lli cioce;;
900;10;17;0.75;6;8.33333E-05;2.84;panificio f.lli cioce;;
901;12;13;0.75;6;6.94444E-05;2.84;panificio f.lli cioce;;
902;9;13;0.75;6;8.33333E-05;2.84;panificio f.lli cioce;;
903;28;100;0.75;6;6.94444E-05;2.84;i sapori del mare;;
904;25;79;0.75;6;6.94444E-05;2.84;gastronomia catalano;;
905;10;15;0.75;6;3.88889E-05;2.84;telefoni;;
906;14;26;0.75;6;6.94444E-05;2.84;damiano sacc piccolo;;
907;19;17;0.75;6;6.94444E-05;2.84;damiano sacc grande;;
908;24;60;0.75;6;6.94444E-05;2.84;damiano carta;;
909;23;60;0.75;6;5.55556E-05;2.84;meat temptation;;
910;26;65;0.75;6;6.94444E-05;2.84;market liv e dn;;
911;9;29;0.75;6;5.55556E-05;2.84;superconvenienza;;
912;15;29;0.75;6;6.94444E-05;2.84;superconvenienza;;
913;19;29;0.75;6;5.55556E-05;2.84;superconvenienza;;
914;18;17;0.75;6;2.77778E-05;2.84;tri;;
915;18;17;0.75;6;5.55556E-05;2.84;tri;;
916;25;102;0.75;6;8.33333E-05;2.84;golino carta;;
917;25;102;0.75;6;5.55556E-05;2.84;golino carta;;
918;24;32;0.75;6;8.33333E-05;2.84;la golosa fronte;;
919;15;32;0.75;6;6.94444E-05;2.84;la golosa fronte;;
920;15;32;0.75;6;6.94444E-05;2.84;la golosa fronte;;
921;24;27;0.75;6;6.94444E-05;2.84;la golosa fronte;;
922;24;27;0.75;6;3.88889E-05;2.84;la golosa fronte;;
923;6;27;0.75;6;8.33333E-05;2.84;la golosa fronte;;
924;14;32;0.75;6;8.33333E-05;2.84;la golosa retro;;
925;36;28;0.75;6;8.33333E-05;2.84;la golosa retro;;
926;25;37;0.75;6;8.33333E-05;2.84;schiavone;;
927;48;78;1;6;8.33333E-05;1.7;rojto 3oz;;
928;41;68;1;6;8.33333E-05;1.7;caffe cappuccino 9oz;;
929;41;68;1;6;8.33333E-05;1.7;caffe cappuccino 9oz;;
930;41;68;1;6;6.94444E-05;1.7;caffe cappuccino 9oz;;
931;48;78;1;6;6.94444E-05;1.7;caffe cappuccino 3oz;;
932;48;78;1;6;6.94444E-05;1.7;caffe cappuccino 3oz;;
933;48;78;1;6;3.88889E-05;1.7;caffe cappuccino 3oz;;
934;48;78;1;6;8.33333E-05;1.7;caffe cappuccino 3oz;;
935;41;68;1;6;6.94444E-05;1.7;di giampaolo 9oz;;
936;41;68;1;6;6.94444E-05;1.7;di giampaolo 9oz;;
937;41;68;1;6;6.94444E-05;1.7;di giampaolo 9oz;;
938;48;78;1;6;6.94444E-05;1.7;di giampaolo 3oz;;
939;48;78;1;6;5.55556E-05;1.7;di giampaolo 3oz;;
940;48;78;1;6;3.88889E-05;1.7;di giampaolo 3oz;;
941;30;25;1;6;8.33333E-05;1.7;kowax;;
;;;;;8.33333E-05;;;;
;;;;;5.55556E-05;;;;
;;;;;5.55556E-05;;;;
;;;;;5.55556E-05;;;;
;;;;;6.94444E-05;;;;
;;;;;6.94444E-05;;;;
;;;;;5.55556E-05;;;;
;;;;;5.55556E-05;;;;
;;;;;5.55556E-05;;;;
;;;;;8.33333E-05;;;;
